{
    "Linear Discriminant Analysis": {
        "Accuracy": 19.2,
        "Prediction_1": 53600,
        "Prediction_2": 325000,
        "Prediction_3": 112500,
        "Prediction_4": 135500,
        "Prediction_5": 249000,
        "Prediction_6": 500001,
        "Prediction_7": 286400,
        "Prediction_8": 450400,
        "Prediction_9": 397000,
        "Prediction_10": 472000
    },
    "K-Nearest Neighbors": {
        "Accuracy": 100.0,
        "Prediction_1": 53800,
        "Prediction_2": 154200,
        "Prediction_3": 50800,
        "Prediction_4": 232600,
        "Prediction_5": 147200,
        "Prediction_6": 500001,
        "Prediction_7": 316900,
        "Prediction_8": 219600,
        "Prediction_9": 473500,
        "Prediction_10": 500001
    },
    "Naive Bayes Gaussian": {
        "Accuracy": 79.7,
        "Prediction_1": 81300,
        "Prediction_2": 93800,
        "Prediction_3": 91300,
        "Prediction_4": 160900,
        "Prediction_5": 208800,
        "Prediction_6": 338700,
        "Prediction_7": 99600,
        "Prediction_8": 500001,
        "Prediction_9": 500001,
        "Prediction_10": 500001
    },
    "Support Vector Machine": {
        "Accuracy": 4.8,
        "Prediction_1": 500001,
        "Prediction_2": 500001,
        "Prediction_3": 500001,
        "Prediction_4": 500001,
        "Prediction_5": 500001,
        "Prediction_6": 500001,
        "Prediction_7": 500001,
        "Prediction_8": 500001,
        "Prediction_9": 500001,
        "Prediction_10": 500001
    },
    "Decision Tree": {
        "Accuracy": 100.0,
        "Prediction_1": 137500,
        "Prediction_2": 75000,
        "Prediction_3": 91300,
        "Prediction_4": 310000,
        "Prediction_5": 157100,
        "Prediction_6": 241300,
        "Prediction_7": 232000,
        "Prediction_8": 450400,
        "Prediction_9": 500001,
        "Prediction_10": 450400
    },
    "MLP": {
        "Accuracy": 42.2,
        "Prediction_1": 144600,
        "Prediction_2": 85000,
        "Prediction_3": 177200,
        "Prediction_4": 239900,
        "Prediction_5": 199600,
        "Prediction_6": 420000,
        "Prediction_7": 110800,
        "Prediction_8": 500001,
        "Prediction_9": 500001,
        "Prediction_10": 500001
    },
    "Perceptron": {
        "Accuracy": 0.4,
        "Prediction_1": 393700,
        "Prediction_2": 147500,
        "Prediction_3": 167700,
        "Prediction_4": 252800,
        "Prediction_5": 252800,
        "Prediction_6": 252800,
        "Prediction_7": 252800,
        "Prediction_8": 393700,
        "Prediction_9": 393700,
        "Prediction_10": 393700
    }
}